Num neurons,Num synapses,Jetson TX2 - Sparse,Jetson TX2 - Bitmask,Jetson TX2 - Procedural,GeForce MX130 - Sparse,GeForce MX130 - Bitmask,GeForce MX130 - Procedural,GeForce GTX 1650 - Sparse,GeForce GTX 1650 - Bitmask,GeForce GTX 1650 - Procedural,Titan RTX - Sparse,Titan RTX - Bitmask,Titan RTX - Procedural
1000,100000,0.62,0.57,0.63,0.3,0.43,0.38,0.21,0.31,0.25,0.193075,0.268451,0.20345
5000,2500000,0.62,0.86,0.61,0.46,0.84,0.74,0.31,0.57,0.39,0.298265,0.486335,0.281178
10000,10000000,0.87,1.4,1.57,0.75,1.33,1.28,0.45,0.87,0.58,0.375333,0.782895,0.372621
50000,250000000,11.18,13.03,15.6,8.9,11,14.45,2.39,3.3,3.38,1.19064,3.101,1.11469
100000,1000000000,42.37,50.46,53.8,,33.14,50.3,,6.48,9.78,2.4868,5.9297,2.40997
500000,25000000000,,,2087.1,,,1157,,,216.3,,,35.004
1000000,100000000000,,,15122.7,,,4580,,,1175,,,127.273